<?xml version="1.0" encoding="UTF-8"?>
<rss version="2.0" xmlns:atom="http://www.w3.org/2005/Atom">
  <channel>
<title>RNZ Media &amp; Technology Headlines</title>
<description>The Latest Media &amp; Technology headlines from RNZ News</description>
<link>https://www.rnz.co.nz/news/media-technology</link>
<copyright>Radio New Zealand</copyright>
<ttl>60</ttl>
<atom:link rel="self" type="application/rss+xml" href="https://www.rnz.co.nz/rss/media-technology.xml"/>
<item>
  <title>Facebook admits to scraping every Australian adult user's public photos and posts</title>
  <description>
    <![CDATA[The company does not offer Australians an opt-out option like it does in the EU, because it has not been required to do so under privacy law.]]>
  </description>
  <pubDate>Wed, 11 Sep 2024 14:45:06 +1200</pubDate>
  <link>https://www.rnz.co.nz/news/media-technology/527697/facebook-admits-to-scraping-every-australian-adult-user-s-public-photos-and-posts</link>
  <guid isPermaLink="false">915b2f765afad2a200ac6ebfa679786a9620468b</guid>
</item>
<item>
  <title>Who follows the carnivore diet in New Zealand?</title>
  <description>
    <![CDATA[Jessica Henrard's 3-year-old daughter Winter is one of the younger members of the carnivore community.]]>
  </description>
  <pubDate>Mon, 09 Sep 2024 14:34:44 +1200</pubDate>
  <link>https://www.rnz.co.nz/news/media-technology/527424/who-follows-the-carnivore-diet-in-new-zealand</link>
  <guid isPermaLink="false">d02abbe919ce26a21740712aee7d71b96998463e</guid>
</item>
<item>
  <title>Media focus on small stuff in government's big-budget transport plan</title>
  <description>
    <![CDATA[Some media queried how the $33b national transport plan will be funded. Others highlighted aspects that barely dent the budget.]]>
  </description>
  <pubDate>Sun, 08 Sep 2024 09:47:00 +1200</pubDate>
  <link>https://www.rnz.co.nz/news/mediawatch/527367/media-focus-on-small-stuff-in-government-s-big-budget-transport-plan</link>
  <guid isPermaLink="false">775aa7c82db32105efd367f483a4a57b12835ffe</guid>
</item>
<item>
  <title>The Secret Lives of Mormon Wives: 'Soft-swinging' TikTokers share their story in new reality series</title>
  <description>
    <![CDATA[<i>The Secret Lives of Mormon Wives</i> picks up on a TikTok drama for the ages: a group of women embroiled in a Mormon swinging scandal.]]>
  </description>
  <pubDate>Fri, 06 Sep 2024 05:24:03 +1200</pubDate>
  <link>https://www.rnz.co.nz/news/media-technology/527194/the-secret-lives-of-mormon-wives-soft-swinging-tiktokers-share-their-story-in-new-reality-series</link>
  <guid isPermaLink="false">fde72981acbf2c48c98becba5ca2560e71af775f</guid>
</item>
<item>
  <title>Raygun's first interview: 'The energy and vitriol that people had was pretty alarming'</title>
  <description>
    <![CDATA[The Australian B-Girl was pilloried online and in mainstream media after her Olympic outing in Paris.]]>
  </description>
  <pubDate>Thu, 05 Sep 2024 14:52:36 +1200</pubDate>
  <link>https://www.rnz.co.nz/news/media-technology/527143/raygun-s-first-interview-the-energy-and-vitriol-that-people-had-was-pretty-alarming</link>
  <guid isPermaLink="false">8f73218b5674dfca28ad10ec10a3b2c5bde493ce</guid>
</item>
<item>
  <title>US Open: Medvedev shows the way with entertaining media conferences</title>
  <description>
    <![CDATA[Daniil Medvedev is intelligent on and off the tennis court - despite the occasional run-in with officials and obliterated racquets.]]>
  </description>
  <pubDate>Thu, 05 Sep 2024 09:47:57 +1200</pubDate>
  <link>https://www.rnz.co.nz/news/sport/527106/us-open-medvedev-shows-the-way-with-entertaining-media-conferences</link>
  <guid isPermaLink="false">19c9bd353e6bd556b04b3b07195ae88ee1ee5970</guid>
</item>
<item>
  <title>'Goblincore' and 'Funeral doom' - one of the brains behind Spotify wrapped</title>
  <description>
    <![CDATA[You might not have heard of music brain Glenn McDonald, but you're almost certainly familiar with his work.]]>
  </description>
  <pubDate>Wed, 28 Aug 2024 14:41:13 +1200</pubDate>
  <link>https://www.rnz.co.nz/news/media-technology/526395/goblincore-and-funeral-doom-one-of-the-brains-behind-spotify-wrapped</link>
  <guid isPermaLink="false">e2d03510ec38618f34e351a1d0600c8b5b90a181</guid>
</item>
<item>
  <title>MMA fighter Janay Harding joins RNZ's TAHI podcast</title>
  <description>
    <![CDATA["I'm a yapper ... might as well make that my job," she told new co-host So'omālō Iteni Schwalger.]]>
  </description>
  <pubDate>Tue, 27 Aug 2024 14:30:25 +1200</pubDate>
  <link>https://www.rnz.co.nz/news/media-technology/526290/mma-fighter-janay-harding-joins-rnz-s-tahi-podcast</link>
  <guid isPermaLink="false">a6c15ffe45d5f67623510730c3337e829fc44ead</guid>
</item>
<item>
  <title>Privacy Commissioner slams company for using pics of crying boy without consent</title>
  <description>
    <![CDATA[Privacy Commissioner has ruled the company, which has not been named, effectively turned the young boy into a "meme for profit".]]>
  </description>
  <pubDate>Sun, 25 Aug 2024 18:32:27 +1200</pubDate>
  <link>https://www.rnz.co.nz/news/national/526128/privacy-commissioner-slams-company-for-using-pics-of-crying-boy-without-consent</link>
  <guid isPermaLink="false">9e7e0361c90169218fe3099b8a5b704dacabf29f</guid>
</item>
<item>
  <title>Kylie Jenner did it: How hard is it to change your child's name in New Zealand?</title>
  <description>
    <![CDATA[Adrienne Madsen decided on the name Jordan for her son. Ten weeks later, Jordan seemed more like a Benjamin.]]>
  </description>
  <pubDate>Thu, 22 Aug 2024 13:31:21 +1200</pubDate>
  <link>https://www.rnz.co.nz/news/media-technology/525850/kylie-jenner-did-it-how-hard-is-it-to-change-your-child-s-name-in-new-zealand</link>
  <guid isPermaLink="false">1a3a197436e2c63d4247e417f3fc2e24c2690a98</guid>
</item>
<item>
  <title>Refreshed Saturday Morning show</title>
  <description>
    <![CDATA[With a new start time of 7am, a new hour-long segment will discuss the major news stories of the week with journalists, correspondents and newsmakers.]]>
  </description>
  <pubDate>Tue, 20 Aug 2024 15:48:13 +1200</pubDate>
  <link>https://www.rnz.co.nz/news/national/525684/refreshed-saturday-morning-show</link>
  <guid isPermaLink="false">5db90b144bd595bd5eb9350be9385786ac91a0bb</guid>
</item>
<item>
  <title>Is sitting in the car 'self care'?</title>
  <description>
    <![CDATA["If that is the best tool you have in your tool box that is telling you something," says a counsellor, sucking some air out of the #cartime balloon.]]>
  </description>
  <pubDate>Tue, 20 Aug 2024 11:39:22 +1200</pubDate>
  <link>https://www.rnz.co.nz/news/media-technology/525654/is-sitting-in-the-car-self-care</link>
  <guid isPermaLink="false">3b6a78d72608d6e3b56994b0dcec6b7ea6a6e6f4</guid>
</item>
<item>
  <title>NZ Police finally has facial recognition policy - but is it strict enough?</title>
  <description>
    <![CDATA[It says there must be a delay between gathering the footage and analysing it, as the risks of live facial recognition "outweigh the potential benefits".]]>
  </description>
  <pubDate>Tue, 20 Aug 2024 10:04:06 +1200</pubDate>
  <link>https://www.rnz.co.nz/news/media-technology/525642/nz-police-finally-has-facial-recognition-policy-but-is-it-strict-enough</link>
  <guid isPermaLink="false">d78ad0b6345bcbed03107663e688512593c2c018</guid>
</item>
<item>
  <title>Mental health experts issue warning over reporting of Polkinghorne trial</title>
  <description>
    <![CDATA[Suicide prevention experts are urging the High Court in Auckland to consider the risks of reporting from the trial.]]>
  </description>
  <pubDate>Mon, 19 Aug 2024 19:14:44 +1200</pubDate>
  <link>https://www.rnz.co.nz/news/media-technology/525591/mental-health-experts-issue-warning-over-reporting-of-polkinghorne-trial</link>
  <guid isPermaLink="false">a9c6d28652f494ca476e3e4f98a88ff4aa518184</guid>
</item>
<item>
  <title>Can you get ketamine for depression in New Zealand?</title>
  <description>
    <![CDATA[Todd Hilleard tried half a dozen different antidepressants before turning to much less common prescription.]]>
  </description>
  <pubDate>Mon, 19 Aug 2024 13:28:22 +1200</pubDate>
  <link>https://www.rnz.co.nz/news/media-technology/525532/can-you-get-ketamine-for-depression-in-new-zealand</link>
  <guid isPermaLink="false">4dfe883ac56e96a1542e3832a2484bc27e23d2b6</guid>
</item>
<item>
  <title>Media moguls and the 'loophole' in democracy they exploit</title>
  <description>
    <![CDATA[A new breed of media owner wields greater power than the likes of Rupert Murdoch, an Australian editor says.]]>
  </description>
  <pubDate>Wed, 14 Aug 2024 22:41:26 +1200</pubDate>
  <link>https://www.rnz.co.nz/news/national/525179/media-moguls-and-the-loophole-in-democracy-they-exploit</link>
  <guid isPermaLink="false">91904a91e0061f61115f4a11e090a5083ef5ed67</guid>
</item>
<item>
  <title>Why have we started outsourcing (almost) everything?</title>
  <description>
    <![CDATA[Some homes are outsourcing domestic duties and personal decisions to streamline their lives.]]>
  </description>
  <pubDate>Tue, 13 Aug 2024 10:32:08 +1200</pubDate>
  <link>https://www.rnz.co.nz/news/media-technology/524971/why-have-we-started-outsourcing-almost-everything</link>
  <guid isPermaLink="false">7d710b0926a72058acf60973bc079aa97bcd9ccb</guid>
</item>
<item>
  <title>The Kiwi brain behind the Paris Olympic's medal per capita tally</title>
  <description>
    <![CDATA[Turns out the Medals Per Capita website is a nice bit of Kiwi propaganda.]]>
  </description>
  <pubDate>Mon, 12 Aug 2024 12:28:55 +1200</pubDate>
  <link>https://www.rnz.co.nz/news/media-technology/524896/the-kiwi-brain-behind-the-paris-olympic-s-medal-per-capita-tally</link>
  <guid isPermaLink="false">9a364e62c0f61854e9485cd64b7ffec8b99f843b</guid>
</item>
  </channel>
</rss>
